bias,Log Density,Log Commute Time,Log Household Size,Share Male,Share Hispanic,Share Black,Share Asian,Share 20-40,Share 40-60,Share $>$60,Log Mean Income,Share Pub. Trans.,Uninsured
1.0,10.508861,3.3357697,0.6151856,0.5059506409988725,0.25983208,0.1254897,0.119046666,0.0041879984,0.0024829833,0.0018323798,11.99056858882567,0.4611439010680157,0.057418466
1.0,11.416957,3.4843123,0.8197798,0.48659608598010906,0.25983208,0.1254897,0.119046666,0.003233109,0.0025367981,0.0026965672,11.093128139551801,0.5378045491324283,0.0710718
1.0,11.502863,3.2386785,0.5187938,0.4934314527119106,0.25983208,0.1254897,0.119046666,0.004412828,0.0019056964,0.0017447079,12.114675300593294,0.5312289304321177,0.044461038
1.0,11.515293,3.4531572,0.6931472,0.4547646364377047,0.25983208,0.1254897,0.119046666,0.0042970683,0.0024462515,0.002030229,11.410372116639888,0.5948012232415902,0.075556815
1.0,11.272183,3.2657595,0.6312718,0.5123041154624234,0.25983208,0.1254897,0.119046666,0.004482019,0.0024176454,0.0017038558,12.089257890938338,0.5653861464968153,0.039613556
1.0,11.29488,3.2386785,0.53649336,0.5119993689732011,0.25983208,0.1254897,0.119046666,0.003970933,0.0027047386,0.002267161,12.19121278262315,0.553661254857074,0.044000477
1.0,11.249677,3.2027464,0.6259384,0.5041382965711257,0.25983208,0.1254897,0.119046666,0.0050585065,0.0021221512,0.0018616219,11.984452932584306,0.5116610520860326,0.04937416
1.0,10.794926,3.269569,0.8197798,0.49420979776494817,0.25983208,0.1254897,0.119046666,0.0036743307,0.0022863701,0.0022364024,12.440397452966419,0.4863842662632375,0.054449283
1.0,10.93135,3.226844,0.53062826,0.5032710574322199,0.25983208,0.1254897,0.119046666,0.0046480466,0.002407058,0.0019343272,12.22925191847758,0.526566368310798,0.029998107
1.0,11.4528,3.2228677,0.5481214,0.4585795366194993,0.25983208,0.1254897,0.119046666,0.0050052484,0.0021106747,0.0018774297,11.930510166540904,0.3870018802693031,0.03615987
1.0,10.12882,3.2846637,0.65752,0.5076653976746579,0.25983208,0.1254897,0.119046666,0.00625373,0.0021277908,0.0007428748,11.934237675171072,0.4440465532676813,0.0760836
1.0,10.9505625,3.2995338,0.5187938,0.519402769763416,0.25983208,0.1254897,0.119046666,0.0043445854,0.0027892385,0.0021593096,11.954831785971594,0.4324284827006686,0.051157977
1.0,11.128129,3.2809112,0.52472854,0.4472684779433246,0.25983208,0.1254897,0.119046666,0.0031035156,0.002398481,0.0035465965,12.414528864092507,0.40493192910351916,0.02021121
1.0,11.7270355,3.3945084,0.59332687,0.4455408524888643,0.25983208,0.1254897,0.119046666,0.0030999447,0.0027123906,0.002662971,12.253828942109308,0.5959053580658129,0.036018603
1.0,11.142826,3.4750671,0.7030975,0.44707068635493574,0.25983208,0.1254897,0.119046666,0.0028334358,0.002950335,0.0025387956,12.344464083976316,0.7065441198412462,0.046564568
1.0,11.771813,3.508556,0.74193734,0.4488355830560912,0.25983208,0.1254897,0.119046666,0.003071984,0.0026027209,0.0026547434,11.90233571411686,0.6815043682079693,0.048915375
1.0,11.656694,3.5695326,0.9282193,0.4661513526991647,0.25983208,0.1254897,0.119046666,0.003745917,0.002797656,0.0014160329,11.469067616906344,0.7828192709660974,0.07440715
1.0,11.189372,3.5145261,0.9001613,0.46448405109768226,0.25983208,0.1254897,0.119046666,0.0040425304,0.002202249,0.0014269105,11.260970831801899,0.6628502889543125,0.08129321
1.0,11.4549055,3.566712,0.9001613,0.4562609749462073,0.25983208,0.1254897,0.119046666,0.0035285535,0.002296268,0.0018554151,11.09493726930676,0.6990267490971415,0.09147027
1.0,11.569902,3.6402142,0.87962675,0.46341544276099855,0.25983208,0.1254897,0.119046666,0.0037516162,0.002623413,0.0014965355,11.091163277944997,0.7217916231927262,0.10290754
1.0,11.413366,3.6913764,1.0224509,0.5121669712417043,0.25983208,0.1254897,0.119046666,0.0039929785,0.0025839186,0.0016435831,11.08169629547538,0.7687675027853895,0.14777756
1.0,11.405817,3.6189933,1.0986123,0.492616918572446,0.25983208,0.1254897,0.119046666,0.004069162,0.0024124398,0.0018203688,11.012973837756116,0.6619041517170682,0.13402668
1.0,11.51401,3.7305012,1.1184149,0.5052294030587074,0.25983208,0.1254897,0.119046666,0.0035217893,0.002547936,0.0019225456,11.169970259243295,0.6893621413335168,0.09656885
1.0,10.542335,3.7612002,1.0079579,0.4729326030869506,0.25983208,0.1254897,0.119046666,0.0033870456,0.0024236182,0.0019641968,11.09625784235407,0.6826409078120604,0.09812587
1.0,10.122451,3.5779479,0.8285518,0.4921110671266188,0.25983208,0.1254897,0.119046666,0.0033826274,0.0028154158,0.0017106825,10.805679360030782,0.7151392934498468,0.13050632
1.0,11.13226,3.6109178,0.76080585,0.4338651812688822,0.25983208,0.1254897,0.119046666,0.003333176,0.0022696375,0.0018650868,10.956788618494235,0.6842105263157895,0.085158154
1.0,11.16417,3.303217,0.7323679,0.4675602262100904,0.25983208,0.1254897,0.119046666,0.0039769337,0.0021636905,0.002172151,11.795529666831422,0.5221646035463365,0.05400829
1.0,10.933867,3.6686769,0.87962675,0.4442892328052053,0.25983208,0.1254897,0.119046666,0.003233467,0.0025328088,0.0015064515,10.890963417800805,0.7663559777737946,0.10072418
1.0,11.696357,3.7612002,1.0079579,0.46983892354846424,0.25983208,0.1254897,0.119046666,0.0035869398,0.0024298416,0.0020233463,11.044009244281447,0.7235340692096316,0.10013726
1.0,11.317104,3.2771447,0.6097656,0.4454253340098089,0.25983208,0.1254897,0.119046666,0.0035295114,0.0024752242,0.0025685779,12.344755745294298,0.40574162679425835,0.025902696
1.0,11.791282,3.314186,0.6729445,0.4564817249539837,0.25983208,0.1254897,0.119046666,0.0029305809,0.0023244808,0.002961697,12.308764603753719,0.5279648830697041,0.0331423
1.0,11.795676,3.5292974,0.67803353,0.42103501585834274,0.25983208,0.1254897,0.119046666,0.0035546594,0.002490796,0.002347991,12.154131773088157,0.6554689816936723,0.03040945
1.0,11.061499,3.4468079,0.7275486,0.5027494908350305,0.25983208,0.1254897,0.119046666,0.0033635437,0.0032647657,0.0013126273,12.302568485797615,0.4977118510336121,0.04857434
1.0,9.2817955,3.7841897,0.94000727,0.48041874730678563,0.18191177,0.0936588,0.08369848,0.0026123545,0.0027454311,0.0020181998,11.298617762318418,0.42319014719134873,0.07316883
1.0,9.622887,3.7305012,1.0784096,0.5110847402772534,0.18191177,0.0936588,0.08369848,0.0030902422,0.0027266843,0.0015604942,11.230124792409931,0.31695394906097246,0.113792546
1.0,8.947871,3.881564,1.1314021,0.48395597581770267,0.18191177,0.0936588,0.08369848,0.0028115797,0.002674779,0.0013726554,11.168997503377634,0.39830764581444544,0.08676083
1.0,9.285772,3.7977338,1.0331845,0.4851017094833349,0.18191177,0.0936588,0.08369848,0.002666412,0.0026738134,0.002171951,11.406108333406802,0.39647679202642405,0.09361349
1.0,9.179675,3.7471483,1.0367368,0.47871711847982795,0.18191177,0.0936588,0.08369848,0.0027692562,0.0027791827,0.0021356149,11.386761154348415,0.35192381369383174,0.069055356
1.0,8.893888,3.788725,0.9895412,0.4687991706928787,0.18191177,0.0936588,0.08369848,0.0023929582,0.0029631068,0.0024355343,11.482404399902276,0.2921054779982039,0.03664296
1.0,8.938742,3.8066626,1.0986123,0.4935600206079341,0.18191177,0.0936588,0.08369848,0.00245814,0.003181994,0.0014412674,11.64035955677858,0.20639975735517138,0.057844844
1.0,9.620441,3.8480177,1.0331845,0.4832134292565947,0.18191177,0.0936588,0.08369848,0.0024223954,0.0031005195,0.0023491206,11.558032664868993,0.270961291244108,0.04534853
1.0,8.504635,3.7999735,1.0715836,0.5078728461081402,0.18191177,0.0936588,0.08369848,0.0025460487,0.0031218063,0.0019417707,11.680979049966478,0.23867725524258593,0.038002916
1.0,9.530081,3.6635616,1.054312,0.4902986333727012,0.18191177,0.0936588,0.08369848,0.0025750801,0.0027602497,0.0018348236,11.379359786043652,0.2773357813137495,0.10505656
1.0,8.963506,3.8372993,1.054312,0.48023191064234005,0.18191177,0.0936588,0.08369848,0.0023818337,0.002858921,0.0023950997,11.59695406456568,0.22332178200135758,0.027124863
1.0,8.715306,3.7376697,1.0402768,0.4813028012449978,0.18191177,0.0936588,0.08369848,0.002529791,0.0027899065,0.0023847267,11.500113744242892,0.2676087709746077,0.049568746
1.0,10.759255,3.703768,0.94000727,0.46745439469320066,0.5587609,0.2915123,0.035909418,0.0028859868,0.002441957,0.0016817993,10.737526471793554,0.6830552133497592,0.10646333
1.0,11.244101,3.7352858,1.0919234,0.46683251477886206,0.5587609,0.2915123,0.035909418,0.003194286,0.0024893887,0.0011565341,10.565040861504896,0.6996383183462189,0.13813269
1.0,11.359626,3.7400477,1.0818052,0.44975192139313164,0.5587609,0.2915123,0.035909418,0.0032304942,0.0024506275,0.0011992898,10.505861744654162,0.6505926549646998,0.11598277
1.0,10.523424,3.7471483,1.0577903,0.47237025922284887,0.5587609,0.2915123,0.035909418,0.0032620167,0.0021503596,0.0011879754,10.443192135852495,0.7295246942251122,0.1559538
1.0,10.934845,3.7658405,1.068153,0.48153108698717045,0.5587609,0.2915123,0.035909418,0.0033011418,0.0023076744,0.001337469,10.542468895852291,0.6819410562405221,0.13437478
1.0,11.408395,3.7704594,1.1184149,0.45990683131397425,0.5587609,0.2915123,0.035909418,0.0029947078,0.0024446745,0.001319256,10.6251250034957,0.6747316718209933,0.1112572
1.0,11.11116,3.7819142,1.0986123,0.4724586350901306,0.5587609,0.2915123,0.035909418,0.003037744,0.0023933498,0.0011851774,10.590968711469447,0.6610608506325313,0.1256011
1.0,11.233173,3.744787,1.10194,0.47139988491844476,0.5587609,0.2915123,0.035909418,0.003418979,0.0021482673,0.0011991968,10.705825404334252,0.6618094953717527,0.13333099
1.0,10.986705,3.7977338,1.0986123,0.4794764290827283,0.5587609,0.2915123,0.035909418,0.0031496063,0.002299417,0.0013905307,10.572162721171585,0.6786596119929453,0.13162158
1.0,10.7055855,3.7518542,1.0715836,0.46865332719015335,0.5587609,0.2915123,0.035909418,0.0031529323,0.0023902454,0.0014789706,10.591396035047872,0.6460252935862691,0.11180073
1.0,9.991993,3.706228,0.96317434,0.4946394621822387,0.5587609,0.2915123,0.035909418,0.003100292,0.0026712532,0.0021081516,11.178724646724019,0.44857889998713935,0.09967525
1.0,10.844891,3.8480177,0.97832614,0.46272162448855886,0.5587609,0.2915123,0.035909418,0.003196065,0.0026592412,0.0017106128,11.033969886322664,0.6264834986181109,0.08829423
1.0,10.716455,3.8177123,0.90421814,0.47329920535800063,0.5587609,0.2915123,0.035909418,0.0028884346,0.0024518617,0.0023911998,11.315729835576818,0.571778774289985,0.07815982
1.0,7.139819,3.634951,0.84156716,0.44011512065530217,0.5587609,0.2915123,0.035909418,0.0022780607,0.002740757,0.002915652,11.515362493003646,0.21523472099202834,0.07128625
1.0,9.511711,3.706228,0.9932518,0.49020759447920664,0.5587609,0.2915123,0.035909418,0.002526147,0.0027716914,0.002463575,11.404761021979668,0.31229575163398693,0.06451466
1.0,10.448056,3.8458831,1.137833,0.45023039595481795,0.5587609,0.2915123,0.035909418,0.0027966944,0.0027942476,0.0018172056,11.10260860613104,0.5055602810068361,0.10716538
1.0,10.659358,3.8286414,1.0224509,0.4826904729453455,0.5587609,0.2915123,0.035909418,0.0031264236,0.0023951011,0.0017217041,10.79098778694702,0.6254719721173395,0.11752876
1.0,11.105256,3.8177123,1.0952734,0.4717282408540119,0.5587609,0.2915123,0.035909418,0.0033005395,0.0024716381,0.00135416,10.763356070097183,0.6986828652192217,0.14020121
1.0,10.2808275,3.8088822,1.1631508,0.457922419460881,0.5587609,0.2915123,0.035909418,0.0026695705,0.002748329,0.0021838702,11.22207838917529,0.46449359720605354,0.08793693
1.0,9.252758,3.8088822,0.89199805,0.47882401315789475,0.5587609,0.2915123,0.035909418,0.002828262,0.0028618423,0.0023787008,11.180678290191572,0.4922702547953049,0.08546891
1.0,9.043081,3.7977338,0.7839016,0.46424682395644284,0.5587609,0.2915123,0.035909418,0.0024559891,0.0022481852,0.0031166063,11.584846046528515,0.44223436050705967,0.047158983
1.0,11.102081,3.8066626,1.137833,0.4876240496779061,0.5587609,0.2915123,0.035909418,0.0030891998,0.0023128374,0.0016024896,10.676508195679236,0.6649053110656844,0.1504345
1.0,10.219557,3.8110971,1.0919234,0.44764996561705395,0.5587609,0.2915123,0.035909418,0.002867058,0.0025377814,0.0019260846,10.935781960166588,0.5080361847883366,0.06881088
1.0,9.601192,3.6532524,1.0402768,0.46874793742987264,0.28113464,0.17356813,0.24963786,0.0027813346,0.0026064285,0.0028037755,11.588329739418105,0.2206618464961068,0.04015726
1.0,9.134344,3.5779479,0.81536484,0.5105365312629974,0.28113464,0.17356813,0.24963786,0.004151879,0.0025055455,0.0014435741,11.470842258790135,0.7622303352140724,0.08777473
1.0,10.673943,3.6712246,0.896088,0.49334361194295373,0.28113464,0.17356813,0.24963786,0.0045023276,0.0022468646,0.0015500934,11.320650537318485,0.7153370937416063,0.12394223
1.0,10.893059,3.6506581,0.85441536,0.5008675991166264,0.28113464,0.17356813,0.24963786,0.0047239456,0.002298086,0.0015574719,11.308505527654122,0.7231740704760222,0.12932485
1.0,11.128586,3.6454499,0.8109302,0.49434402332361516,0.28113464,0.17356813,0.24963786,0.0036862972,0.0027747327,0.0019354713,11.294595310651548,0.7117225681194349,0.14674442
1.0,10.023911,3.6913764,0.896088,0.5030036472859901,0.28113464,0.17356813,0.24963786,0.0043298113,0.0024487772,0.001682847,11.394761106619587,0.6447964858170943,0.09057728
1.0,10.699733,3.6480575,0.8458683,0.49360524544389317,0.28113464,0.17356813,0.24963786,0.0043536685,0.0023026103,0.0017523872,11.271847041019651,0.7135530137981119,0.10600205
1.0,10.586486,3.4843123,0.7371641,0.48471093737380266,0.19292745,0.30562526,0.11832701,0.0041150437,0.002421051,0.0015860888,12.079312561477552,0.6859494380365202,0.06303326
1.0,10.488284,3.8199077,0.9932518,0.4351419284370106,0.19292745,0.30562526,0.11832701,0.0026722287,0.00264183,0.0023134928,11.053758902024423,0.6052015064796418,0.0967673
1.0,10.831064,3.7352858,1.1939225,0.4994254022184471,0.19292745,0.30562526,0.11832701,0.0026968622,0.0023244978,0.0019606275,11.149369759939274,0.531014711904987,0.084263414
1.0,10.728075,3.6189933,0.9858168,0.46079560556392307,0.19292745,0.30562526,0.11832701,0.0038094711,0.0019965447,0.0011369274,11.276987918419078,0.6117005743210358,0.07037771
1.0,10.967978,3.634951,1.0508217,0.4888055875215058,0.19292745,0.30562526,0.11832701,0.0037892375,0.0018171978,0.0013901581,10.967853402475647,0.6804791284531154,0.098445244
1.0,10.462949,3.854394,1.0188473,0.4458306329660834,0.19292745,0.30562526,0.11832701,0.0030720457,0.0025925688,0.0016057465,10.861380774264797,0.6763824570961591,0.08902177
1.0,10.192217,3.763523,1.1442229,0.4743355691159413,0.19292745,0.30562526,0.11832701,0.0031077715,0.0025333602,0.0013529679,10.917050175164489,0.6747018717601696,0.08446011
1.0,10.421382,3.8022082,0.84156716,0.47402501839587935,0.19292745,0.30562526,0.11832701,0.0029386315,0.002718175,0.002353201,11.463682698391777,0.5812342007434944,0.07419045
1.0,10.617721,3.7909846,1.1249295,0.4511074389748942,0.19292745,0.30562526,0.11832701,0.0026365456,0.0025472546,0.001831043,11.349453139958879,0.5605187319884726,0.07169795
1.0,10.594332,3.468856,0.9593502,0.4953525009846396,0.19292745,0.30562526,0.11832701,0.004417684,0.0017001772,0.0012533478,11.519960659851225,0.627808961102905,0.07598508
1.0,10.951822,3.881564,0.88789123,0.42770218879405053,0.19292745,0.30562526,0.11832701,0.002941773,0.0026919872,0.0016734073,10.652187692216323,0.6842380139967271,0.09701093
1.0,10.959904,3.7352858,0.97455966,0.4557388388493752,0.19292745,0.30562526,0.11832701,0.0032583494,0.0025618393,0.001615867,10.947256392821705,0.6570946539664687,0.115332305
1.0,10.605592,3.8836236,1.0715836,0.4894519690718369,0.19292745,0.30562526,0.11832701,0.002879522,0.0027235025,0.0022132304,11.206386717668142,0.5985151342090235,0.11469649
1.0,10.370452,3.6686769,0.89199805,0.4821798211645427,0.19292745,0.30562526,0.11832701,0.0038366541,0.0025995916,0.0014218123,12.000854961499284,0.6782963298595378,0.05049379
1.0,10.971604,3.7208624,0.87129337,0.47618881727921963,0.19292745,0.30562526,0.11832701,0.004298032,0.002398711,0.0015866574,11.287592017582982,0.7259118565495928,0.105305426
1.0,10.842527,3.586293,0.83724755,0.4684657444503238,0.19292745,0.30562526,0.11832701,0.004252778,0.0024078414,0.0015334997,11.902227315235974,0.7164848974462547,0.056120362
1.0,10.8705225,3.7208624,1.1151416,0.4999350311850312,0.19292745,0.30562526,0.11832701,0.00308394,0.0023282224,0.0015878378,11.377575276481679,0.6081085091858843,0.096365936
1.0,11.106601,3.6270041,1.3029127,0.5024420349226955,0.19292745,0.30562526,0.11832701,0.0028013706,0.0018823354,0.0015669458,10.940827092732425,0.4283075639765246,0.078324966
1.0,10.947035,3.788725,1.2470323,0.5082360674023025,0.19292745,0.30562526,0.11832701,0.003384257,0.0025438196,0.0014561008,11.027670117315768,0.6179019358862973,0.18191075
1.0,11.011375,3.7681527,1.0296195,0.4804462004353175,0.19292745,0.30562526,0.11832701,0.0038641524,0.0023107314,0.0014102868,11.1029702915892,0.7063376874697629,0.13127908
1.0,9.97743,3.6480575,0.74193734,0.48068937440629667,0.19292745,0.30562526,0.11832701,0.0049263127,0.002339259,0.0015502782,11.46777118296312,0.6671170778484875,0.1107613
1.0,10.517421,3.7999735,1.0750024,0.4888133077731742,0.19292745,0.30562526,0.11832701,0.0027780596,0.0024060355,0.0021419825,11.175226476196194,0.5516741206333857,0.09032186
1.0,10.204784,3.8329797,0.86288995,0.44284324993369284,0.19292745,0.30562526,0.11832701,0.0022606312,0.002267041,0.0032945806,10.879838040837946,0.583790057386034,0.071802124
1.0,11.119059,3.7352858,0.9282193,0.4539556616299982,0.19292745,0.30562526,0.11832701,0.0037006908,0.0023038136,0.0018920281,11.214222889234982,0.7191678058213583,0.10636616
1.0,11.241604,3.8066626,1.0188473,0.4464785299995126,0.19292745,0.30562526,0.11832701,0.0033349905,0.0023903104,0.0017168202,11.10403951243997,0.7359106997005173,0.12853013
1.0,10.352456,3.7681527,1.0851892,0.4801683230369774,0.19292745,0.30562526,0.11832701,0.0026349716,0.0026916019,0.0023710718,11.39838965137695,0.47203714920250356,0.060102906
1.0,10.510946,3.824284,1.011601,0.4789684760305913,0.19292745,0.30562526,0.11832701,0.0026065568,0.002627425,0.0024440403,11.2885811930795,0.5234915462485643,0.06869107
1.0,10.764751,3.6661224,1.068153,0.4848709795362133,0.19292745,0.30562526,0.11832701,0.002749593,0.002205923,0.0020346346,11.211698743168176,0.4998592976136875,0.09896447
1.0,10.077441,3.6054978,0.88376755,0.4729299363057325,0.19292745,0.30562526,0.11832701,0.0033548302,0.0027473462,0.0015053079,11.885385171464408,0.6346850293292527,0.051831212
1.0,10.040803,3.7256935,1.1184149,0.5313879690949227,0.19292745,0.30562526,0.11832701,0.003896937,0.0025569124,0.0011906732,11.189312196300184,0.7023344870756315,0.1637004
1.0,10.852509,3.777348,0.9516579,0.45708303326131605,0.19292745,0.30562526,0.11832701,0.003211971,0.0025203384,0.0015718439,10.930729144931322,0.7016528661402218,0.09904034
1.0,9.342762,3.8329797,1.1184149,0.47472401551037946,0.19292745,0.30562526,0.11832701,0.002458129,0.0027726337,0.0023040483,11.50795312334367,0.4318181818181818,0.06684889
1.0,10.341752,3.8199077,0.87962675,0.4727755478547032,0.19292745,0.30562526,0.11832701,0.002437112,0.0026282065,0.002932612,11.212630854467603,0.4942125972944251,0.09596886
1.0,10.200621,3.9039907,1.10194,0.4350859062136675,0.19292745,0.30562526,0.11832701,0.0027803006,0.0028324705,0.0019415102,11.26721672399587,0.5425829006433462,0.082998745
1.0,10.922349,3.6584203,1.1085626,0.5118599361608593,0.19292745,0.30562526,0.11832701,0.004561058,0.0021514173,0.00093388633,11.125275716732066,0.7123136388735505,0.22477494
1.0,10.757777,3.6609943,0.79299253,0.4661359615870609,0.19292745,0.30562526,0.11832701,0.0041866135,0.0024098342,0.0017832774,11.588867468545386,0.7178350708533616,0.07211293
1.0,10.009122,4.016383,0.65752,0.39974828915283567,0.19292745,0.30562526,0.11832701,0.002211909,0.0023770942,0.003492488,10.50608072475522,0.6282256222881937,0.04310141
1.0,10.152603,3.708682,1.011601,0.4621130528436925,0.28113464,0.17356813,0.24963786,0.002753014,0.0031311885,0.002439287,11.06074603663697,0.4062512043781555,0.21883573
1.0,10.78515,3.6863763,1.0952734,0.4746169622391121,0.28113464,0.17356813,0.24963786,0.0028512487,0.003,0.0023265774,10.932446037063697,0.4331071458490408,0.2238082
1.0,9.625485,3.6913764,1.160021,0.4851468694170925,0.28113464,0.17356813,0.24963786,0.002845569,0.002794466,0.001998006,11.240132005012198,0.31171319102353584,0.14963382
1.0,9.580952,3.723281,1.0260416,0.47515280361413764,0.28113464,0.17356813,0.24963786,0.0021902255,0.002819559,0.0028024062,11.514264567971457,0.25980603448275863,0.0743107
1.0,9.8681345,3.7352858,1.0577903,0.4890013257934468,0.28113464,0.17356813,0.24963786,0.0026794556,0.0029987285,0.0024892448,11.387554967186363,0.39156488985275656,0.13940707
1.0,9.545011,3.7612002,0.84156716,0.4681811189169786,0.28113464,0.17356813,0.24963786,0.0020619454,0.0028444696,0.0033090608,11.537198477345619,0.27956624872924435,0.045689963
1.0,9.745529,3.69883,1.011601,0.4901623555310952,0.28113464,0.17356813,0.24963786,0.0027971931,0.0028202394,0.002357595,11.509469499996838,0.3171152518978606,0.087349504
1.0,8.85288,3.7471483,0.9321641,0.4565959984818088,0.28113464,0.17356813,0.24963786,0.002159627,0.0027153932,0.0032950172,11.485831721972112,0.25719746744713895,0.056919888
1.0,9.080095,3.749504,1.0402768,0.4857874174861916,0.28113464,0.17356813,0.24963786,0.0020934932,0.003125421,0.002577125,11.766148071520437,0.36607142857142855,0.055503167
1.0,9.557703,3.8155122,0.9820785,0.48538386512470394,0.28113464,0.17356813,0.24963786,0.0022822907,0.0029976314,0.0026211508,11.453897068507986,0.34467172741496205,0.08359815
1.0,9.750086,3.8155122,1.068153,0.4743114232415231,0.28113464,0.17356813,0.24963786,0.0026125314,0.0029825524,0.0021942281,11.323579293239309,0.3731067961165049,0.09129815
1.0,9.393478,3.744787,1.1537316,0.4798714006150405,0.28113464,0.17356813,0.24963786,0.0027474142,0.0026334918,0.0024643557,11.457782665473019,0.39168138750602216,0.048129853
1.0,9.693371,3.7376697,1.0647107,0.48020507632885784,0.28113464,0.17356813,0.24963786,0.002821179,0.0022659556,0.0022142266,11.26551483551302,0.4064533622559653,0.07033822
1.0,10.630241,3.7819142,1.3937664,0.5276195626575488,0.28113464,0.17356813,0.24963786,0.0034607097,0.0023567996,0.0012847261,11.019153595770065,0.6519391634980989,0.26324725
1.0,10.527759,3.7864597,1.22083,0.4946282652377763,0.28113464,0.17356813,0.24963786,0.0029896852,0.0027043535,0.0019134629,11.14112237985304,0.5610552763819096,0.17627624
1.0,10.146328,3.6635616,1.1442229,0.6043386901062476,0.28113464,0.17356813,0.24963786,0.0034768712,0.002934387,0.0016369233,11.350253582599288,0.5302779616148247,0.09069529
1.0,11.358645,3.7160082,0.97832614,0.494603253600423,0.28113464,0.17356813,0.24963786,0.0030777007,0.0028867149,0.0020412765,11.153317652946859,0.6750604289691888,0.17022307
1.0,11.096447,3.749504,1.1568812,0.501748777931149,0.28113464,0.17356813,0.24963786,0.0031520554,0.0028463048,0.0019348646,11.087068856214001,0.702171487425972,0.18448077
1.0,10.708375,3.7471483,0.81536484,0.4624023886081764,0.28113464,0.17356813,0.24963786,0.0028663299,0.0027397797,0.0027597612,11.261626750851569,0.5908056651961923,0.08249483
1.0,10.467978,3.7612002,0.8020016,0.4616038498978571,0.28113464,0.17356813,0.24963786,0.002618424,0.0028649385,0.002487489,11.526256214378872,0.6196958446772819,0.049522705
1.0,10.460944,3.6270041,1.043804,0.5144054946035144,0.28113464,0.17356813,0.24963786,0.0033179468,0.0029347292,0.0018509723,11.148707860840329,0.6719812324869127,0.16589887
1.0,9.377616,3.7281,1.0367368,0.4888126325186921,0.28113464,0.17356813,0.24963786,0.0029036938,0.0028258564,0.0019495592,11.373513961184294,0.4660610215975317,0.11347319
1.0,9.753879,3.7305012,1.011601,0.46543545464236225,0.28113464,0.17356813,0.24963786,0.0025311802,0.0029591727,0.00245816,11.467792106529332,0.40994340250804573,0.06990014
1.0,10.220944,3.693867,1.1118575,0.49566595996172536,0.28113464,0.17356813,0.24963786,0.0033464981,0.0026961106,0.0015453387,11.267523523440925,0.5996930505905033,0.14001766
1.0,9.705402,3.852273,1.1939225,0.45572786393196596,0.28113464,0.17356813,0.24963786,0.002482241,0.0030085042,0.0025302651,11.52861178876435,0.3642438573044104,0.075559564
1.0,10.038521,3.908015,1.2641268,0.4567764530167641,0.28113464,0.17356813,0.24963786,0.0026266319,0.0029477507,0.0019921202,11.40027175181826,0.43538714642042137,0.0835528
1.0,9.496053,3.9415817,1.258461,0.46320083925865485,0.28113464,0.17356813,0.24963786,0.0026061311,0.002788437,0.0021258888,11.485050544204174,0.39640458516386406,0.07208725
1.0,9.396413,3.7111301,1.0224509,0.4804643358559052,0.28113464,0.17356813,0.24963786,0.0022124439,0.0027462933,0.0029466152,11.477950924054323,0.2764011568826702,0.055046503
1.0,10.418617,3.7565382,0.85015094,0.4735175879396985,0.28113464,0.17356813,0.24963786,0.003040201,0.002536181,0.002237186,11.352474982994442,0.5512962776152527,0.065778896
1.0,10.571778,3.8649313,1.3376292,0.48659629266877064,0.28113464,0.17356813,0.24963786,0.003003954,0.0028581275,0.0015039721,11.245464233004894,0.5475799835931091,0.11753602
1.0,10.247052,3.8155122,1.2781522,0.4865073245952197,0.28113464,0.17356813,0.24963786,0.0028064763,0.0030020047,0.0017245953,11.362497845943095,0.4832542372881356,0.10092224
1.0,10.021471,3.7819142,1.2697605,0.503883668220134,0.28113464,0.17356813,0.24963786,0.0030824868,0.0027068532,0.0015351314,11.318126386665162,0.5296526959546654,0.14851181
1.0,10.66503,3.8501475,1.4134231,0.502271339135746,0.28113464,0.17356813,0.24963786,0.0031548708,0.0029256374,0.0016286838,11.315961225439322,0.5193709396292189,0.1312524
1.0,10.091605,3.875359,1.3164083,0.48870353874807676,0.28113464,0.17356813,0.24963786,0.0028810024,0.0030360757,0.0017185601,11.35343723238514,0.4191840277777778,0.10453202
1.0,10.409865,3.8394523,1.2919837,0.49643078476828795,0.28113464,0.17356813,0.24963786,0.0029914845,0.0029244612,0.0016921065,11.346185876302558,0.600772237582229,0.13812739
1.0,10.030917,3.8437443,1.178655,0.49162218039312494,0.28113464,0.17356813,0.24963786,0.0028419786,0.002860493,0.0021171353,11.350241816024598,0.4680180458562512,0.09485882
1.0,9.570962,3.7977338,1.1908876,0.4939998110176698,0.28113464,0.17356813,0.24963786,0.0027865446,0.002745441,0.0020731362,11.512915464920228,0.2833429284206486,0.071950294
1.0,9.607975,3.8110971,1.1216775,0.48775673064807423,0.28113464,0.17356813,0.24963786,0.0025742366,0.0028947038,0.0024398337,11.479565146111982,0.3926094890510949,0.08326534
1.0,10.109456,3.8110971,1.2641268,0.48376051160682815,0.28113464,0.17356813,0.24963786,0.0027403194,0.002980009,0.0020162142,11.322974881011783,0.3801913573756703,0.08356841
1.0,9.958969,3.8918202,1.3164083,0.45928362308887843,0.28113464,0.17356813,0.24963786,0.0029012903,0.0028940616,0.0020515416,11.428750062799807,0.4163247034246064,0.086451985
1.0,10.276178,3.8199077,1.1908876,0.471612031091585,0.28113464,0.17356813,0.24963786,0.0029228241,0.0024885559,0.0018937602,11.233872719216501,0.5432946700774434,0.11639029
1.0,9.890554,3.8979242,1.1249295,0.439910078681154,0.28113464,0.17356813,0.24963786,0.0028487074,0.0027312103,0.0019292618,11.210914556653854,0.46771056866952787,0.07060208
1.0,10.491238,3.8586223,1.1281711,0.4940047961630695,0.28113464,0.17356813,0.24963786,0.003304455,0.0026343432,0.0017602256,11.218473864211628,0.5874869655891554,0.14343712
1.0,10.06987,3.881564,1.3001916,0.49337479071992346,0.28113464,0.17356813,0.24963786,0.0031198277,0.0028198997,0.0015972255,11.34700074233762,0.42958185978780944,0.10031093
1.0,9.990802,3.9039907,1.1346227,0.44933900483505723,0.28113464,0.17356813,0.24963786,0.0027536876,0.0021698084,0.0018082502,10.97990535569447,0.39724368344121946,0.08736419
1.0,9.338769,4.067316,0.9593502,0.4755684947674876,0.28113464,0.17356813,0.24963786,0.0025092452,0.0029766306,0.0019018018,11.172756403504726,0.4661587526576896,0.04873632
1.0,9.664101,3.8565104,0.85441536,0.5104508879683854,0.28113464,0.17356813,0.24963786,0.002013998,0.0030076655,0.002904823,11.555860425604486,0.26137120035500333,0.052618477
