bias,Log Density,Log Commute Time,Log Household Size,Share Male,Share Hispanic,Share Black,Share Asian,Share 20-40,Share 40-60,Share >60,log_mean_income,share_public_trans,uninsured,Essential - Pro,Nonessential - Pro,Science,Legal,Health Practice,Health Other,Firefighters,Law Enforcement,Essential - Service,Nonessential - Service,Industrial,Essential - Tech,Transportation
1.0,10.508861,3.3357697,0.6151856,0.5059506409988725,0.25983208,0.1254897,0.119046666,0.0041879984,0.0024829833,0.0018323798,11.99056858882567,0.4611439010680157,0.057418466,0.25588503,0.3384632,0.00664915,0.024719825,0.026918333,0.013780899,0.006059306,0.0010188214,0.04407743,0.02461258,0.011046168,0.0027883532,0.011367902
1.0,11.416957,3.4843123,0.8197798,0.48659608598010906,0.25983208,0.1254897,0.119046666,0.003233109,0.0025367981,0.0026965672,11.093128139551801,0.5378045491324283,0.0710718,0.11330851,0.26164237,0.005294965,0.013995172,0.011357046,0.03648474,0.007203398,0.0045465603,0.08988344,0.025146406,0.047505006,0.003180721,0.018541733
1.0,11.502863,3.2386785,0.5187938,0.4934314527119106,0.25983208,0.1254897,0.119046666,0.004412828,0.0019056964,0.0017447079,12.114675300593294,0.5312289304321177,0.044461038,0.23439014,0.34581682,0.008718627,0.031990312,0.030140907,0.010810216,0.0027300748,0.0024218406,0.030823426,0.0154777635,0.0077058566,0.0012549538,0.0042272126
1.0,11.515293,3.4531572,0.6931472,0.4547646364377047,0.25983208,0.1254897,0.119046666,0.0042970683,0.0024462515,0.002030229,11.410372116639888,0.5948012232415902,0.075556815,0.18330695,0.32225668,0.008654535,0.026006984,0.033143178,0.011257402,0.009175108,0.00067240745,0.052642994,0.043814935,0.024488645,0.0029065353,0.0063119535
1.0,11.272183,3.2657595,0.6312718,0.5123041154624234,0.25983208,0.1254897,0.119046666,0.004482019,0.0024176454,0.0017038558,12.089257890938338,0.5653861464968153,0.039613556,0.30470565,0.29143533,0.018035047,0.049301043,0.049104154,0.012719039,0.008544989,0.00055128965,0.018035047,0.02142154,0.014136641,0.009844458,0.0016932467
1.0,11.29488,3.2386785,0.53649336,0.5119993689732011,0.25983208,0.1254897,0.119046666,0.003970933,0.0027047386,0.002267161,12.19121278262315,0.553661254857074,0.044000477,0.32324335,0.3857076,0.010298018,0.05005981,0.029593801,0.006813335,0.0031206117,0.005591096,0.02428876,0.020466011,0.011052166,0.0031466167,0.004784938
1.0,11.249677,3.2027464,0.6259384,0.5041382965711257,0.25983208,0.1254897,0.119046666,0.0050585065,0.0021221512,0.0018616219,11.984452932584306,0.5116610520860326,0.04937416,0.25515226,0.38290784,0.017635599,0.037065517,0.033528145,0.0046652313,0.004101302,0.0011278581,0.022352098,0.018404594,0.013124167,0.00743361,0.004306367
1.0,10.794926,3.269569,0.8197798,0.49420979776494817,0.25983208,0.1254897,0.119046666,0.0036743307,0.0022863701,0.0022364024,12.440397452966419,0.4863842662632375,0.054449283,0.26927766,0.35004634,0.015266059,0.022143101,0.01599766,0.020289714,0.0019509341,0.002389894,0.04467639,0.013363898,0.025606008,0.0039506415,0.0067794956
1.0,10.93135,3.226844,0.53062826,0.5032710574322199,0.25983208,0.1254897,0.119046666,0.0046480466,0.002407058,0.0019343272,12.22925191847758,0.526566368310798,0.029998107,0.33893773,0.38358384,0.013288498,0.038407,0.026131345,0.0060365433,0.002430823,0.0009318154,0.022768708,0.013531581,0.00785966,0.00141798,0.003565207
1.0,11.4528,3.2228677,0.5481214,0.4585795366194993,0.25983208,0.1254897,0.119046666,0.0050052484,0.0021106747,0.0018774297,11.930510166540904,0.3870018802693031,0.03615987,0.32441005,0.33861905,0.01623174,0.04070421,0.0522662,0.009089774,0.00067424146,0.00054938195,0.015532526,0.016980896,0.0086153075,0.005343988,0.003995505
1.0,10.12882,3.2846637,0.65752,0.5076653976746579,0.25983208,0.1254897,0.119046666,0.00625373,0.0021277908,0.0007428748,11.934237675171072,0.4440465532676813,0.0760836,0.27125365,0.31276968,0.014927113,0.04069971,0.017142856,0.017026238,0.007580175,0.0057142857,0.04303207,0.03265306,0.022157434,0.004198251,0.004897959
1.0,10.9505625,3.2995338,0.5187938,0.519402769763416,0.25983208,0.1254897,0.119046666,0.0043445854,0.0027892385,0.0021593096,11.954831785971594,0.4324284827006686,0.051157977,0.32188326,0.3211452,0.010671013,0.04981856,0.045544006,0.01328495,0.004428317,0.0031674765,0.03647211,0.015898887,0.018143797,0.004951104,0.0034749985
1.0,11.128129,3.2809112,0.52472854,0.4472684779433246,0.25983208,0.1254897,0.119046666,0.0031035156,0.002398481,0.0035465965,12.414528864092507,0.40493192910351916,0.02021121,0.38627243,0.34385002,0.030991212,0.0878423,0.082507744,0.0074175685,0.0057409946,0.0011177158,0.024081694,0.0231672,0.007112737,0.0030991212,0.0026418737
1.0,11.7270355,3.3945084,0.59332687,0.4455408524888643,0.25983208,0.1254897,0.119046666,0.0030999447,0.0027123906,0.002662971,12.253828942109308,0.5959053580658129,0.036018603,0.29700598,0.3711353,0.017206404,0.07053648,0.043235976,0.014322376,0.0016375412,0.001148723,0.015055603,0.016668703,0.015031162,0.0013198094,0.0023707687
1.0,11.142826,3.4750671,0.7030975,0.44707068635493574,0.25983208,0.1254897,0.119046666,0.0028334358,0.002950335,0.0025387956,12.344464083976316,0.7065441198412462,0.046564568,0.2848151,0.3586457,0.024339484,0.060632978,0.049059667,0.009745945,0.002284206,0.0008121621,0.028552575,0.026293749,0.015634121,0.005761275,0.0031471283
1.0,11.771813,3.508556,0.74193734,0.4488355830560912,0.25983208,0.1254897,0.119046666,0.003071984,0.0026027209,0.0026547434,11.90233571411686,0.6815043682079693,0.048915375,0.17905416,0.3560886,0.018876426,0.03953951,0.035453502,0.017959792,0.007628251,0.0026411458,0.034428116,0.022061337,0.019404655,0.008591493,0.011341391
1.0,11.656694,3.5695326,0.9282193,0.4661513526991647,0.25983208,0.1254897,0.119046666,0.003745917,0.002797656,0.0014160329,11.469067616906344,0.7828192709660974,0.07440715,0.13964269,0.2726873,0.016241455,0.017256547,0.027339784,0.03231373,0.014786492,0.001387291,0.06202206,0.033768695,0.029742166,0.0072409827,0.019625094
1.0,11.189372,3.5145261,0.9001613,0.46448405109768226,0.25983208,0.1254897,0.119046666,0.0040425304,0.002202249,0.0014269105,11.260970831801899,0.6628502889543125,0.08129321,0.089461036,0.26263902,0.013382491,0.018617347,0.015623091,0.03639956,0.007393979,0.000692549,0.050922718,0.025644682,0.029962929,0.0058662975,0.012425143
1.0,11.4549055,3.566712,0.9001613,0.4562609749462073,0.25983208,0.1254897,0.119046666,0.0035285535,0.002296268,0.0018554151,11.09493726930676,0.6990267490971415,0.09147027,0.09222825,0.22604586,0.010134781,0.012147733,0.029931735,0.026676003,0.012655348,0.0011552599,0.0782076,0.03280238,0.036250655,0.0029406617,0.02217749
1.0,11.569902,3.6402142,0.87962675,0.46341544276099855,0.25983208,0.1254897,0.119046666,0.0037516162,0.002623413,0.0014965355,11.091163277944997,0.7217916231927262,0.10290754,0.07542426,0.2621891,0.0037263178,0.009023974,0.01032594,0.030753344,0.022896651,0.008664811,0.07955464,0.03744276,0.035108197,0.0076771122,0.03636527
1.0,11.413366,3.6913764,1.0224509,0.5121669712417043,0.25983208,0.1254897,0.119046666,0.0039929785,0.0025839186,0.0016435831,11.08169629547538,0.7687675027853895,0.14777756,0.08991274,0.28832778,0.008072335,0.008072335,0.011992581,0.031446274,0.013657632,0.0058382163,0.12534249,0.047527716,0.052312102,0.009084011,0.026261434
1.0,11.405817,3.6189933,1.0986123,0.492616918572446,0.25983208,0.1254897,0.119046666,0.004069162,0.0024124398,0.0018203688,11.012973837756116,0.6619041517170682,0.13402668,0.06271104,0.25101402,0.009492663,0.0047569494,0.024910277,0.029985772,0.016564379,0.001720147,0.119836904,0.04994797,0.0622226,0.015120304,0.035592176
1.0,11.51401,3.7305012,1.1184149,0.5052294030587074,0.25983208,0.1254897,0.119046666,0.0035217893,0.002547936,0.0019225456,11.169970259243295,0.6893621413335168,0.09656885,0.08634245,0.27570212,0.011758158,0.009717294,0.013868596,0.046499223,0.003965769,0.005055776,0.09821656,0.05143904,0.056912266,0.011387091,0.027806768
1.0,10.542335,3.7612002,1.0079579,0.4729326030869506,0.25983208,0.1254897,0.119046666,0.0033870456,0.0024236182,0.0019641968,11.09625784235407,0.6826409078120604,0.09812587,0.08431442,0.26503888,0.006160694,0.008128245,0.014385705,0.039576814,0.011256975,0.0038705932,0.12940682,0.050737027,0.052640066,0.016611295,0.034351513
1.0,10.122451,3.5779479,0.8285518,0.4921110671266188,0.25983208,0.1254897,0.119046666,0.0033826274,0.0028154158,0.0017106825,10.805679360030782,0.7151392934498468,0.13050632,0.06558599,0.22462517,0.0049061934,0.006162179,0.018800534,0.029829657,0.0077714105,0.006005181,0.07528064,0.026925191,0.036188085,0.005141691,0.025826203
1.0,11.13226,3.6109178,0.76080585,0.4338651812688822,0.25983208,0.1254897,0.119046666,0.003333176,0.0022696375,0.0018650868,10.956788618494235,0.6842105263157895,0.085158154,0.103339545,0.2989107,0.00064497633,0.007381396,0.03991687,0.03633367,0.015121113,0.012971191,0.057761215,0.02680235,0.016769385,0.013114519,0.01526444
1.0,11.16417,3.303217,0.7323679,0.4675602262100904,0.25983208,0.1254897,0.119046666,0.0039769337,0.0021636905,0.002172151,11.795529666831422,0.5221646035463365,0.05400829,0.24602556,0.28526005,0.0033595297,0.034555163,0.03293539,0.01535785,0.00749895,0.002279681,0.046313517,0.024236606,0.011698362,0.008638791,0.008578799
1.0,10.933867,3.6686769,0.87962675,0.4442892328052053,0.25983208,0.1254897,0.119046666,0.003233467,0.0025328088,0.0015064515,10.890963417800805,0.7663559777737946,0.10072418,0.07793256,0.2524068,0.0030118863,0.0070456625,0.010756737,0.038347766,0.02280428,0.0070456625,0.079976335,0.038347766,0.033076964,0.018931856,0.024579143
1.0,11.696357,3.7612002,1.0079579,0.46983892354846424,0.25983208,0.1254897,0.119046666,0.0035869398,0.0024298416,0.0020233463,11.044009244281447,0.7235340692096316,0.10013726,0.089992,0.28950605,0.00704312,0.0073814355,0.015900843,0.038321953,0.010210986,0.0015377991,0.10023375,0.04330442,0.04754875,0.012240881,0.03490804
1.0,11.317104,3.2771447,0.6097656,0.4454253340098089,0.25983208,0.1254897,0.119046666,0.0035295114,0.0024752242,0.0025685779,12.344755745294298,0.40574162679425835,0.025902696,0.32280523,0.35556692,0.03629383,0.054108012,0.08999232,0.008292808,0.0015357052,0.0012797543,0.02390581,0.019093934,0.0031737906,0.0015868953,0.005067827
1.0,11.791282,3.314186,0.6729445,0.4564817249539837,0.25983208,0.1254897,0.119046666,0.0029305809,0.0023244808,0.002961697,12.308764603753719,0.5279648830697041,0.0331423,0.30002788,0.3880212,0.016176265,0.04685539,0.04922605,0.034932368,0.00020917585,0.0006972528,0.017361596,0.024613025,0.018965276,0.004462418,0.02217264
1.0,11.795676,3.5292974,0.67803353,0.42103501585834274,0.25983208,0.1254897,0.119046666,0.0035546594,0.002490796,0.002347991,12.154131773088157,0.6554689816936723,0.03040945,0.27567095,0.35223335,0.020000923,0.059078943,0.08499238,0.00794494,0.002171001,0.0018014689,0.023141947,0.017391104,0.010046653,0.0066515775,0.008245184
1.0,11.061499,3.4468079,0.7275486,0.5027494908350305,0.25983208,0.1254897,0.119046666,0.0033635437,0.0032647657,0.0013126273,12.302568485797615,0.4977118510336121,0.04857434,0.3495432,0.3287421,0.012649332,0.09683767,0.049472943,0.009978917,0.0036542516,0.00829234,0.011103303,0.0066057625,0.0018271258,0.0113844,0.004075896
1.0,9.2817955,3.7841897,0.94000727,0.48041874730678563,0.18191177,0.0936588,0.08369848,0.0026123545,0.0027454311,0.0020181998,11.298617762318418,0.42319014719134873,0.07316883,0.08504199,0.24657638,0.003934327,0.014299765,0.032042067,0.03915412,0.024854355,0.013694485,0.054172657,0.03503064,0.052962095,0.011727321,0.024778694
1.0,9.622887,3.7305012,1.0784096,0.5110847402772534,0.18191177,0.0936588,0.08369848,0.0030902422,0.0027266843,0.0015604942,11.230124792409931,0.31695394906097246,0.113792546,0.07207481,0.1951646,0.0019767354,0.005702121,0.035733294,0.035201095,0.021516005,0.017790617,0.05808561,0.014293317,0.08636813,0.019387212,0.03634152
1.0,8.947871,3.881564,1.1314021,0.48395597581770267,0.18191177,0.0936588,0.08369848,0.0028115797,0.002674779,0.0013726554,11.168997503377634,0.39830764581444544,0.08676083,0.05739665,0.19633299,0.0002277645,0.0053524654,0.028983032,0.039972667,0.013551988,0.021694567,0.066678055,0.03245644,0.065083705,0.013779752,0.028926091
1.0,9.285772,3.7977338,1.0331845,0.4851017094833349,0.18191177,0.0936588,0.08369848,0.002666412,0.0026738134,0.002171951,11.406108333406802,0.39647679202642405,0.09361349,0.07864291,0.22265597,0.0020583435,0.011995174,0.045212578,0.054900985,0.017318476,0.009227057,0.05163603,0.025906736,0.06934488,0.008126908,0.025977714
1.0,9.179675,3.7471483,1.0367368,0.47871711847982795,0.18191177,0.0936588,0.08369848,0.0027692562,0.0027791827,0.0021356149,11.386761154348415,0.35192381369383174,0.069055356,0.10275319,0.24206349,0.0020719203,0.00765557,0.03680292,0.040700942,0.007866274,0.011061947,0.057135835,0.032483496,0.068268016,0.018190756,0.027145667
1.0,8.893888,3.788725,0.9895412,0.4687991706928787,0.18191177,0.0936588,0.08369848,0.0023929582,0.0029631068,0.0024355343,11.482404399902276,0.2921054779982039,0.03664296,0.10452009,0.27781808,0.0033482143,0.010714286,0.0327846,0.038225446,0.015401785,0.012109375,0.05438058,0.025641741,0.063950896,0.019252231,0.0343471
1.0,8.938742,3.8066626,1.0986123,0.4935600206079341,0.18191177,0.0936588,0.08369848,0.00245814,0.003181994,0.0014412674,11.64035955677858,0.20639975735517138,0.057844844,0.08438299,0.2963349,0.0037882375,0.01212236,0.035041198,0.018278247,0.01164883,0.014868832,0.026138838,0.012690595,0.0829624,0.009470594,0.021119425
1.0,9.620441,3.8480177,1.0331845,0.4832134292565947,0.18191177,0.0936588,0.08369848,0.0024223954,0.0031005195,0.0023491206,11.558032664868993,0.270961291244108,0.04534853,0.1113327,0.28478834,0.0025926111,0.008027122,0.046667,0.03046318,0.018048562,0.026923269,0.04522112,0.015505808,0.0637184,0.013361919,0.03829087
1.0,8.504635,3.7999735,1.0715836,0.5078728461081402,0.18191177,0.0936588,0.08369848,0.0025460487,0.0031218063,0.0019417707,11.680979049966478,0.23867725524258593,0.038002916,0.10662309,0.32366014,0.0045751636,0.0108061,0.036862746,0.032766886,0.012636165,0.025098039,0.0275817,0.018562092,0.06400871,0.026143791,0.026318083
1.0,9.530081,3.6635616,1.054312,0.4902986333727012,0.18191177,0.0936588,0.08369848,0.0025750801,0.0027602497,0.0018348236,11.379359786043652,0.2773357813137495,0.10505656,0.08097857,0.22207472,0.00259182,0.008344396,0.030090397,0.039572667,0.022631014,0.02433782,0.053985715,0.015487704,0.070232,0.020797774,0.036222264
1.0,8.963506,3.8372993,1.054312,0.48023191064234005,0.18191177,0.0936588,0.08369848,0.0023818337,0.002858921,0.0023950997,11.59695406456568,0.22332178200135758,0.027124863,0.12192408,0.30709895,0.0040970133,0.010571306,0.039907943,0.028628511,0.021597834,0.023696922,0.029943602,0.018866492,0.06497054,0.017247919,0.027616903
1.0,8.715306,3.7376697,1.0402768,0.4813028012449978,0.18191177,0.0936588,0.08369848,0.002529791,0.0027899065,0.0023847267,11.500113744242892,0.2676087709746077,0.049568746,0.0968048,0.2844001,0.00291397,0.007572934,0.042354215,0.04457358,0.015349168,0.018601973,0.04479382,0.024531562,0.059024837,0.019059397,0.035103176
1.0,10.759255,3.703768,0.94000727,0.46745439469320066,0.5587609,0.2915123,0.035909418,0.0028859868,0.002441957,0.0016817993,10.737526471793554,0.6830552133497592,0.10646333,0.03666772,0.21309562,0.002587567,0.0030609025,0.008961817,0.052666456,0.015083622,0.00952982,0.09397286,0.058094036,0.040675294,0.009813821,0.03733039
1.0,11.244101,3.7352858,1.0919234,0.46683251477886206,0.5587609,0.2915123,0.035909418,0.003194286,0.0024893887,0.0011565341,10.565040861504896,0.6996383183462189,0.13813269,0.032637395,0.17668758,0.00035577192,0.002790001,0.0045688604,0.06514371,0.01625316,0.0033142965,0.114914335,0.047579814,0.058721095,0.016440408,0.04211216
1.0,11.359626,3.7400477,1.0818052,0.44975192139313164,0.5587609,0.2915123,0.035909418,0.0032304942,0.0024506275,0.0011992898,10.505861744654162,0.6505926549646998,0.11598277,0.030437393,0.17101823,0.0007419446,0.0007419446,0.008073064,0.067534626,0.015881147,0.002137507,0.09472159,0.050522894,0.054886237,0.015262861,0.044446014
1.0,10.523424,3.7471483,1.0577903,0.47237025922284887,0.5587609,0.2915123,0.035909418,0.0032620167,0.0021503596,0.0011879754,10.443192135852495,0.7295246942251122,0.1559538,0.027177755,0.18403897,0.00086403266,0.001099678,0.0039666956,0.036642842,0.01276412,0.0020815332,0.11931506,0.030476788,0.0562014,0.007147907,0.042651795
1.0,10.934845,3.7658405,1.068153,0.48153108698717045,0.5587609,0.2915123,0.035909418,0.0033011418,0.0023076744,0.001337469,10.542468895852291,0.6819410562405221,0.13437478,0.029939909,0.17542256,0.0021787258,0.0026706962,0.0057279402,0.054924976,0.014548265,0.003092385,0.097761534,0.045507256,0.055030398,0.020487051,0.04181748
1.0,11.408395,3.7704594,1.1184149,0.45990683131397425,0.5587609,0.2915123,0.035909418,0.0029947078,0.0024446745,0.001319256,10.6251250034957,0.6747316718209933,0.1112572,0.03198257,0.16486968,0.001641751,0.0020206165,0.003962303,0.07051636,0.021721628,0.0053041186,0.090690956,0.043758977,0.05034177,0.0068827253,0.043964196
1.0,11.11116,3.7819142,1.0986123,0.4724586350901306,0.5587609,0.2915123,0.035909418,0.003037744,0.0023933498,0.0011851774,10.590968711469447,0.6610608506325313,0.1256011,0.031308066,0.17142515,0.0010589199,0.0010589199,0.0101496475,0.06795069,0.01424547,0.0020778805,0.09800004,0.050888095,0.050188806,0.010189607,0.04537372
1.0,11.233173,3.744787,1.10194,0.47139988491844476,0.5587609,0.2915123,0.035909418,0.003418979,0.0021482673,0.0011991968,10.705825404334252,0.6618094953717527,0.13333099,0.03720962,0.18655641,0.003321077,0.0017960926,0.007455479,0.055323042,0.017960927,0.0032533,0.102326445,0.043021504,0.07253842,0.015232899,0.03634546
1.0,10.986705,3.7977338,1.0986123,0.4794764290827283,0.5587609,0.2915123,0.035909418,0.0031496063,0.002299417,0.0013905307,10.572162721171585,0.6786596119929453,0.13162158,0.032334674,0.18612227,0.00024357569,0.0018572647,0.0052064303,0.038241383,0.015649738,0.007337718,0.09347217,0.045731336,0.057392523,0.01613689,0.030599196
1.0,10.7055855,3.7518542,1.0715836,0.46865332719015335,0.5587609,0.2915123,0.035909418,0.0031529323,0.0023902454,0.0014789706,10.591396035047872,0.6460252935862691,0.11180073,0.039163012,0.17116873,0.0007640361,0.001281609,0.004239168,0.059890572,0.021836644,0.0026371568,0.0918815,0.058165327,0.057302706,0.016981319,0.043426827
1.0,9.991993,3.706228,0.96317434,0.4946394621822387,0.5587609,0.2915123,0.035909418,0.003100292,0.0026712532,0.0021081516,11.178724646724019,0.44857889998713935,0.09967525,0.082747765,0.2515089,0.011954398,0.0076974663,0.036183923,0.039362043,0.011866927,0.012595854,0.075050294,0.038370702,0.07741202,0.017086042,0.03431787
1.0,10.844891,3.8480177,0.97832614,0.46272162448855886,0.5587609,0.2915123,0.035909418,0.003196065,0.0026592412,0.0017106128,11.033969886322664,0.6264834986181109,0.08829423,0.07505008,0.25476235,0.00449827,0.0068293572,0.020633765,0.05150246,0.016190128,0.007830996,0.09229649,0.038535785,0.059825167,0.009870698,0.04439993
1.0,10.716455,3.8177123,0.90421814,0.47329920535800063,0.5587609,0.2915123,0.035909418,0.0028884346,0.0024518617,0.0023911998,11.315729835576818,0.571778774289985,0.07815982,0.11209561,0.30078015,0.0066345385,0.018952737,0.03284853,0.051563546,0.012577529,0.008493073,0.08940419,0.032567587,0.048754133,0.012750416,0.019168846
1.0,7.139819,3.634951,0.84156716,0.44011512065530217,0.5587609,0.2915123,0.035909418,0.0022780607,0.002740757,0.002915652,11.515362493003646,0.21523472099202834,0.07128625,0.16378994,0.37128168,0.0066103563,0.00734484,0.033786263,0.017627617,0.021300036,0.057656996,0.05104664,0.012118987,0.046639737,0.04223283,0.008446566
1.0,9.511711,3.706228,0.9932518,0.49020759447920664,0.5587609,0.2915123,0.035909418,0.002526147,0.0027716914,0.002463575,11.404761021979668,0.31229575163398693,0.06451466,0.09597112,0.27132785,0.0024520655,0.010489391,0.030037804,0.036372304,0.019241903,0.013520417,0.065660864,0.025678575,0.0582025,0.02186425,0.034805708
1.0,10.448056,3.8458831,1.137833,0.45023039595481795,0.5587609,0.2915123,0.035909418,0.0027966944,0.0027942476,0.0018172056,11.10260860613104,0.5055602810068361,0.10716538,0.0620969,0.23246028,0.0014944156,0.0036180587,0.025975304,0.095898226,0.01818861,0.0064102565,0.05946201,0.03753736,0.05519506,0.016812176,0.031834986
1.0,10.659358,3.8286414,1.0224509,0.4826904729453455,0.5587609,0.2915123,0.035909418,0.0031264236,0.0023951011,0.0017217041,10.79098778694702,0.6254719721173395,0.11752876,0.058150537,0.20947294,0.0022415977,0.0032605056,0.017248657,0.056971513,0.015167174,0.00307128,0.102895156,0.034817543,0.0675536,0.013304028,0.03625857
1.0,11.105256,3.8177123,1.0952734,0.4717282408540119,0.5587609,0.2915123,0.035909418,0.0033005395,0.0024716381,0.00135416,10.763356070097183,0.6986828652192217,0.14020121,0.04377168,0.18856515,0.0016113438,0.0020473546,0.012435784,0.06733522,0.01421774,0.005895623,0.1353908,0.050463498,0.06813141,0.0122083,0.047392465
1.0,10.2808275,3.8088822,1.1631508,0.457922419460881,0.5587609,0.2915123,0.035909418,0.0026695705,0.002748329,0.0021838702,11.22207838917529,0.46449359720605354,0.08793693,0.067189224,0.24722688,0.0012279481,0.0053211083,0.032642953,0.069542795,0.017088944,0.0088821575,0.06931767,0.045700137,0.04952724,0.021816544,0.036204003
1.0,9.252758,3.8088822,0.89199805,0.47882401315789475,0.5587609,0.2915123,0.035909418,0.002828262,0.0028618423,0.0023787008,11.180678290191572,0.4922702547953049,0.08546891,0.099450886,0.24944071,0.005389465,0.009151922,0.026642261,0.048911937,0.015253203,0.0030506407,0.072605245,0.048606873,0.09650193,0.012507627,0.04575961
1.0,9.043081,3.7977338,0.7839016,0.46424682395644284,0.5587609,0.2915123,0.035909418,0.0024559891,0.0022481852,0.0031166063,11.584846046528515,0.44223436050705967,0.047158983,0.12484468,0.33009282,0.014691909,0.020027775,0.071339816,0.031795923,0.012937651,0.007017031,0.033184707,0.028872158,0.03128426,0.0065784664,0.017834954
1.0,11.102081,3.8066626,1.137833,0.4876240496779061,0.5587609,0.2915123,0.035909418,0.0030891998,0.0023128374,0.0016024896,10.676508195679236,0.6649053110656844,0.1504345,0.029428547,0.19245963,0.0009655899,0.0026992627,0.008185569,0.044877984,0.014878863,0.003225948,0.11178897,0.038996663,0.08742978,0.014571629,0.03800913
1.0,10.219557,3.8110971,1.0919234,0.44764996561705395,0.5587609,0.2915123,0.035909418,0.002867058,0.0025377814,0.0019260846,10.935781960166588,0.5080361847883366,0.06881088,0.053012453,0.20873202,0.0013223061,0.0030773669,0.01408857,0.05743617,0.017262105,0.011203539,0.054022215,0.027888637,0.046328798,0.015194499,0.046785593
1.0,9.601192,3.6532524,1.0402768,0.46874793742987264,0.28113464,0.17356813,0.24963786,0.0027813346,0.0026064285,0.0028037755,11.588329739418105,0.2206618464961068,0.04015726,0.1122894,0.30832508,0.0040634293,0.011694747,0.07958375,0.035381567,0.013478692,0.011000991,0.02814668,0.007631318,0.04380575,0.027452923,0.044400398
1.0,9.134344,3.5779479,0.81536484,0.5105365312629974,0.28113464,0.17356813,0.24963786,0.004151879,0.0025055455,0.0014435741,11.470842258790135,0.7622303352140724,0.08777473,0.16253933,0.28458065,0.001824235,0.020385826,0.025676107,0.027682766,0.008619511,0.0023715054,0.06621973,0.028503671,0.054955076,0.009896475,0.023487026
1.0,10.673943,3.6712246,0.896088,0.49334361194295373,0.28113464,0.17356813,0.24963786,0.0045023276,0.0022468646,0.0015500934,11.320650537318485,0.7153370937416063,0.12394223,0.14082481,0.3051269,0.005169666,0.017335873,0.018229876,0.017374743,0.013371167,0.007773934,0.10541455,0.04116298,0.05570024,0.0060636685,0.022544408
1.0,10.893059,3.6506581,0.85441536,0.5008675991166264,0.28113464,0.17356813,0.24963786,0.0047239456,0.002298086,0.0015574719,11.308505527654122,0.7231740704760222,0.12932485,0.14975059,0.32725915,0.011944756,0.017068785,0.023550171,0.02131053,0.0044792835,0.0041738776,0.09549017,0.037157692,0.05049374,0.012623435,0.033933964
1.0,11.128586,3.6454499,0.8109302,0.49434402332361516,0.28113464,0.17356813,0.24963786,0.0036862972,0.0027747327,0.0019354713,11.294595310651548,0.7117225681194349,0.14674442,0.14226137,0.31204712,0.00510869,0.013553667,0.026064744,0.020956054,0.005942762,0.0031277693,0.10290361,0.042068496,0.05953188,0.012511077,0.037689622
1.0,10.023911,3.6913764,0.896088,0.5030036472859901,0.28113464,0.17356813,0.24963786,0.0043298113,0.0024487772,0.001682847,11.394761106619587,0.6447964858170943,0.09057728,0.14761566,0.35533807,0.011637011,0.014412811,0.021352313,0.021245552,0.0053380784,0.00430605,0.075516015,0.02747331,0.056085408,0.011281139,0.034412812
1.0,10.699733,3.6480575,0.8458683,0.49360524544389317,0.28113464,0.17356813,0.24963786,0.0043536685,0.0023026103,0.0017523872,11.271847041019651,0.7135530137981119,0.10600205,0.1318194,0.3197393,0.011152916,0.018106692,0.024086267,0.024187047,0.003997581,0.004703037,0.09997313,0.029629132,0.055529427,0.015251276,0.03241736
1.0,10.586486,3.4843123,0.7371641,0.48471093737380266,0.19292745,0.30562526,0.11832701,0.0041150437,0.002421051,0.0015860888,12.079312561477552,0.6859494380365202,0.06303326,0.22927801,0.33106983,0.01125909,0.0691536,0.031849645,0.012901954,0.0063305004,0.0015990537,0.022036275,0.016735302,0.014479103,0.0027381056,0.004512398
1.0,10.488284,3.8199077,0.9932518,0.4351419284370106,0.19292745,0.30562526,0.11832701,0.0026722287,0.00264183,0.0023134928,11.053758902024423,0.6052015064796418,0.0967673,0.05963785,0.23885453,0.0028293116,0.005092761,0.031849965,0.09821753,0.021563398,0.013459439,0.060385596,0.046663433,0.060789783,0.017865082,0.03585142
1.0,10.831064,3.7352858,1.1939225,0.4994254022184471,0.19292745,0.30562526,0.11832701,0.0026968622,0.0023244978,0.0019606275,11.149369759939274,0.531014711904987,0.084263414,0.07387177,0.26150405,0.002499345,0.002519501,0.019349767,0.049362063,0.0048172856,0.005361498,0.07107008,0.035938162,0.08112793,0.013968113,0.03932437
1.0,10.728075,3.6189933,0.9858168,0.46079560556392307,0.19292745,0.30562526,0.11832701,0.0038094711,0.0019965447,0.0011369274,11.276987918419078,0.6117005743210358,0.07037771,0.10690043,0.3339231,0.0032491556,0.016631816,0.010776902,0.028438153,0.010069165,0.0046324595,0.057069328,0.019655783,0.04468393,0.009457938,0.023580505
1.0,10.967978,3.634951,1.0508217,0.4888055875215058,0.19292745,0.30562526,0.11832701,0.0037892375,0.0018171978,0.0013901581,10.967853402475647,0.6804791284531154,0.098445244,0.08283301,0.29928264,0.004231967,0.0047480604,0.0056426222,0.032875158,0.012523869,0.0062447316,0.081749216,0.02754219,0.046620447,0.007036075,0.022140412
1.0,10.462949,3.854394,1.0188473,0.4458306329660834,0.19292745,0.30562526,0.11832701,0.0030720457,0.0025925688,0.0016057465,10.861380774264797,0.6763824570961591,0.08902177,0.044723794,0.20634219,0.0019582452,0.0033795522,0.016976722,0.06628028,0.023356812,0.0081804115,0.07022835,0.042970847,0.05652064,0.01757683,0.038106818
1.0,10.192217,3.763523,1.1442229,0.4743355691159413,0.19292745,0.30562526,0.11832701,0.0031077715,0.0025333602,0.0013529679,10.917050175164489,0.6747018717601696,0.08446011,0.037043054,0.19184433,0.0014321149,0.0031152188,0.015133172,0.0708823,0.02049253,0.006702888,0.069450185,0.034267407,0.070823245,0.014941239,0.050434064
1.0,10.421382,3.8022082,0.84156716,0.47402501839587935,0.19292745,0.30562526,0.11832701,0.0029386315,0.002718175,0.002353201,11.463682698391777,0.5812342007434944,0.07419045,0.15681437,0.31607452,0.0072500166,0.021204114,0.03911078,0.023387855,0.014041447,0.011006049,0.054265935,0.023366017,0.051689122,0.010285415,0.024981985
1.0,10.617721,3.7909846,1.1249295,0.4511074389748942,0.19292745,0.30562526,0.11832701,0.0026365456,0.0025472546,0.001831043,11.349453139958879,0.5605187319884726,0.07169795,0.08089732,0.26353693,0.002236586,0.01610342,0.03522623,0.08832278,0.018764958,0.007828051,0.04430677,0.034599986,0.043054283,0.012614345,0.03902843
1.0,10.594332,3.468856,0.9593502,0.4953525009846396,0.19292745,0.30562526,0.11832701,0.004417684,0.0017001772,0.0012533478,11.519960659851225,0.627808961102905,0.07598508,0.16022614,0.3737153,0.0034399629,0.019483723,0.01250511,0.017594563,0.006724845,0.0019737491,0.05326303,0.029239684,0.03533011,0.004962569,0.011081192
1.0,10.951822,3.881564,0.88789123,0.42770218879405053,0.19292745,0.30562526,0.11832701,0.002941773,0.0026919872,0.0016734073,10.652187692216323,0.6842380139967271,0.09701093,0.038598545,0.17479222,0.00077976857,0.0025165258,0.016942244,0.07400712,0.027522285,0.0069824727,0.05908519,0.044588584,0.043613873,0.012033246,0.027504563
1.0,10.959904,3.7352858,0.97455966,0.4557388388493752,0.19292745,0.30562526,0.11832701,0.0032583494,0.0025618393,0.001615867,10.947256392821705,0.6570946539664687,0.115332305,0.059804324,0.2684391,0.0021813784,0.005550636,0.017580613,0.0669532,0.015960779,0.006544135,0.0600419,0.04980454,0.04341159,0.011209262,0.030193733
1.0,10.605592,3.8836236,1.0715836,0.4894519690718369,0.19292745,0.30562526,0.11832701,0.002879522,0.0027235025,0.0022132304,11.206386717668142,0.5985151342090235,0.11469649,0.084056176,0.2448448,0.0028278206,0.008817081,0.026403584,0.056778826,0.0053855684,0.004337051,0.0723795,0.028897785,0.101483814,0.015060528,0.03595145
1.0,10.370452,3.6686769,0.89199805,0.4821798211645427,0.19292745,0.30562526,0.11832701,0.0038366541,0.0025995916,0.0014218123,12.000854961499284,0.6782963298595378,0.05049379,0.22548155,0.38796464,0.020359375,0.045127664,0.03521251,0.012717261,0.005271099,0.0019595164,0.037485547,0.015950464,0.031724572,0.005251504,0.010228676
1.0,10.971604,3.7208624,0.87129337,0.47618881727921963,0.19292745,0.30562526,0.11832701,0.004298032,0.002398711,0.0015866574,11.287592017582982,0.7259118565495928,0.105305426,0.11333195,0.33654973,0.0077882693,0.016013049,0.022262044,0.040342774,0.013348036,0.0040894155,0.057619408,0.037379097,0.050910927,0.008891033,0.021779586
1.0,10.842527,3.586293,0.83724755,0.4684657444503238,0.19292745,0.30562526,0.11832701,0.004252778,0.0024078414,0.0015334997,11.902227315235974,0.7164848974462547,0.056120362,0.20850244,0.35004058,0.014441288,0.042545997,0.027157739,0.018465908,0.0072037335,0.004362825,0.032399893,0.024655033,0.02830763,0.0046333876,0.0064935065
1.0,10.8705225,3.7208624,1.1151416,0.4999350311850312,0.19292745,0.30562526,0.11832701,0.00308394,0.0023282224,0.0015878378,11.377575276481679,0.6081085091858843,0.096365936,0.10866189,0.29551277,0.0052031865,0.01274579,0.026136937,0.0317233,0.008107291,0.0042351517,0.06352728,0.03386105,0.06257941,0.007461934,0.037249167
1.0,11.106601,3.6270041,1.3029127,0.5024420349226955,0.19292745,0.30562526,0.11832701,0.0028013706,0.0018823354,0.0015669458,10.940827092732425,0.4283075639765246,0.078324966,0.057476334,0.2842937,0.0019299696,0.003933462,0.009833655,0.029813437,0.005348773,0.003547468,0.09379653,0.03264406,0.07655546,0.008896241,0.027093098
1.0,10.947035,3.788725,1.2470323,0.5082360674023025,0.19292745,0.30562526,0.11832701,0.003384257,0.0025438196,0.0014561008,11.027670117315768,0.6179019358862973,0.18191075,0.047789223,0.20190693,0.0014323746,0.0027634702,0.013325424,0.03521616,0.008825743,0.0022860118,0.161323,0.042623993,0.1107703,0.011487933,0.033031426
1.0,11.011375,3.7681527,1.0296195,0.4804462004353175,0.19292745,0.30562526,0.11832701,0.0038641524,0.0023107314,0.0014102868,11.1029702915892,0.7063376874697629,0.13127908,0.07801884,0.29003513,0.0039222767,0.005694686,0.008123543,0.036482096,0.016608134,0.006121377,0.07637772,0.034397874,0.061263006,0.009797486,0.029523747
1.0,9.97743,3.6480575,0.74193734,0.48068937440629667,0.19292745,0.30562526,0.11832701,0.0049263127,0.002339259,0.0015502782,11.46777118296312,0.6671170778484875,0.1107613,0.16835542,0.3956759,0.008675319,0.015114033,0.018773934,0.014707377,0.007014809,0.005727066,0.059202276,0.018604493,0.06262496,0.0073875766,0.012606324
1.0,10.517421,3.7999735,1.0750024,0.4888133077731742,0.19292745,0.30562526,0.11832701,0.0027780596,0.0024060355,0.0021419825,11.175226476196194,0.5516741206333857,0.09032186,0.089417934,0.2676902,0.0038091536,0.0065688468,0.018734816,0.046856478,0.0041395393,0.0026236516,0.06660189,0.028490914,0.06563016,0.013642989,0.044174522
1.0,10.204784,3.8329797,0.86288995,0.44284324993369284,0.19292745,0.30562526,0.11832701,0.0022606312,0.002267041,0.0032945806,10.879838040837946,0.583790057386034,0.071802124,0.06310923,0.22901174,0.0023502216,0.0069736084,0.026083605,0.07266422,0.011250241,0.005933346,0.054016568,0.031824313,0.055095356,0.016104797,0.0472356
1.0,11.119059,3.7352858,0.9282193,0.4539556616299982,0.19292745,0.30562526,0.11832701,0.0037006908,0.0023038136,0.0018920281,11.214222889234982,0.7191678058213583,0.10636616,0.10447301,0.31121334,0.004790817,0.010482877,0.021511242,0.07316668,0.019708756,0.006237549,0.06012238,0.03434209,0.0319704,0.014206432,0.029930746
1.0,11.241604,3.8066626,1.0188473,0.4464785299995126,0.19292745,0.30562526,0.11832701,0.0033349905,0.0023903104,0.0017168202,11.10403951243997,0.7359106997005173,0.12853013,0.06949074,0.24004613,0.004064526,0.0095495265,0.019675681,0.09581874,0.01867713,0.00675077,0.076677494,0.044315994,0.059097365,0.014134425,0.031841133
1.0,10.352456,3.7681527,1.0851892,0.4801683230369774,0.19292745,0.30562526,0.11832701,0.0026349716,0.0026916019,0.0023710718,11.39838965137695,0.47203714920250356,0.060102906,0.10748899,0.2745849,0.004405286,0.0105049135,0.027245002,0.034700103,0.010911555,0.0057946458,0.060318537,0.031819724,0.076516435,0.014571331,0.029786512
1.0,10.510946,3.824284,1.011601,0.4789684760305913,0.19292745,0.30562526,0.11832701,0.0026065568,0.002627425,0.0024440403,11.2885811930795,0.5234915462485643,0.06869107,0.09295673,0.2804092,0.005178345,0.009487597,0.0382763,0.059424225,0.008075321,0.0052145575,0.05299656,0.032898787,0.06333514,0.012674271,0.032826364
1.0,10.764751,3.6661224,1.068153,0.4848709795362133,0.19292745,0.30562526,0.11832701,0.002749593,0.002205923,0.0020346346,11.211698743168176,0.4998592976136875,0.09896447,0.0998951,0.27676892,0.0040153377,0.007614672,0.024128202,0.0502279,0.00643901,0.0041057733,0.05554551,0.027275357,0.058005355,0.00725293,0.040623643
1.0,10.077441,3.6054978,0.88376755,0.4729299363057325,0.19292745,0.30562526,0.11832701,0.0033548302,0.0027473462,0.0015053079,11.885385171464408,0.6346850293292527,0.051831212,0.20011404,0.36856112,0.008781601,0.043261737,0.022011025,0.015928531,0.006196541,0.0020528417,0.030868657,0.023607679,0.027333207,0.0061205095,0.006044478
1.0,10.040803,3.7256935,1.1184149,0.5313879690949227,0.19292745,0.30562526,0.11832701,0.003896937,0.0025569124,0.0011906732,11.189312196300184,0.7023344870756315,0.1637004,0.08316998,0.23844862,0.0021469244,0.010547932,0.0063007562,0.028330067,0.005413983,0.0033604032,0.10869971,0.028983478,0.09787174,0.0101278825,0.024829647
1.0,10.852509,3.777348,0.9516579,0.45708303326131605,0.19292745,0.30562526,0.11832701,0.003211971,0.0025203384,0.0015718439,10.930729144931322,0.7016528661402218,0.09904034,0.054634184,0.2376101,0.00484125,0.0062994575,0.013998794,0.06379173,0.02743375,0.013415512,0.06311123,0.03902164,0.04724593,0.013571054,0.030855676
1.0,9.342762,3.8329797,1.1184149,0.47472401551037946,0.19292745,0.30562526,0.11832701,0.002458129,0.0027726337,0.0023040483,11.50795312334367,0.4318181818181818,0.06684889,0.102372915,0.27343214,0.0038610643,0.0066747954,0.05024073,0.060151316,0.016960545,0.009050835,0.049818672,0.02551116,0.05593072,0.018492466,0.038094793
1.0,10.341752,3.8199077,0.87962675,0.4727755478547032,0.19292745,0.30562526,0.11832701,0.002437112,0.0026282065,0.002932612,11.212630854467603,0.4942125972944251,0.09596886,0.10047236,0.26508808,0.004926308,0.0064873192,0.048796806,0.08407161,0.0047033066,0.0056561315,0.04966854,0.02858475,0.06574493,0.016562937,0.04127557
1.0,10.200621,3.9039907,1.10194,0.4350859062136675,0.19292745,0.30562526,0.11832701,0.0027803006,0.0028324705,0.0019415102,11.26721672399587,0.5425829006433462,0.082998745,0.063546255,0.25474444,0.0027398046,0.0053505087,0.046691436,0.0946165,0.022291394,0.012508428,0.047996785,0.039390072,0.04981854,0.017930659,0.047537763
1.0,10.922349,3.6584203,1.1085626,0.5118599361608593,0.19292745,0.30562526,0.11832701,0.004561058,0.0021514173,0.00093388633,11.125275716732066,0.7123136388735505,0.22477494,0.07057669,0.2683424,0.0036986715,0.0036483495,0.007372182,0.035300925,0.009661836,0.003925121,0.10066928,0.029664855,0.11153885,0.01660628,0.03587963
1.0,10.757777,3.6609943,0.79299253,0.4661359615870609,0.19292745,0.30562526,0.11832701,0.0041866135,0.0024098342,0.0017832774,11.588867468545386,0.7178350708533616,0.07211293,0.16983527,0.40492985,0.0099816965,0.026137888,0.021086028,0.026455157,0.011909701,0.004246492,0.049640026,0.030262355,0.021061623,0.007614399,0.012690665
1.0,10.009122,4.016383,0.65752,0.39974828915283567,0.19292745,0.30562526,0.11832701,0.002211909,0.0023770942,0.003492488,10.50608072475522,0.6282256222881937,0.04310141,0.055196147,0.2327598,0.008396422,0.0041293874,0.024088094,0.06634549,0.036063317,0.014590503,0.06620785,0.045010325,0.05175499,0.00440468,0.039091535
1.0,10.152603,3.708682,1.011601,0.4621130528436925,0.28113464,0.17356813,0.24963786,0.002753014,0.0031311885,0.002439287,11.06074603663697,0.4062512043781555,0.21883573,0.07811626,0.23765448,0.001678279,0.0046788384,0.028988456,0.027869603,0.0070691146,0.004551696,0.11435183,0.073183134,0.0564512,0.012307379,0.032955296
1.0,10.78515,3.6863763,1.0952734,0.4746169622391121,0.28113464,0.17356813,0.24963786,0.0028512487,0.003,0.0023265774,10.932446037063697,0.4331071458490408,0.2238082,0.057793498,0.21232185,0.0027180542,0.0033452974,0.01806809,0.027790362,0.005017946,0.0022301984,0.10663135,0.073962435,0.06638324,0.014461442,0.050405964
1.0,9.625485,3.6913764,1.160021,0.4851468694170925,0.28113464,0.17356813,0.24963786,0.002845569,0.002794466,0.001998006,11.240132005012198,0.31171319102353584,0.14963382,0.08772354,0.23513775,0.0003020783,0.012506042,0.01099565,0.030570325,0.0103310775,0.010149831,0.08923393,0.028939102,0.096846305,0.028576607,0.0339536
1.0,9.580952,3.723281,1.0260416,0.47515280361413764,0.28113464,0.17356813,0.24963786,0.0021902255,0.002819559,0.0028024062,11.514264567971457,0.25980603448275863,0.0743107,0.12965335,0.3309654,0.004658204,0.019448003,0.029230231,0.016963627,0.008772952,0.00807422,0.052521255,0.028259773,0.057528824,0.028104499,0.022398198
1.0,9.8681345,3.7352858,1.0577903,0.4890013257934468,0.28113464,0.17356813,0.24963786,0.0026794556,0.0029987285,0.0024892448,11.387554967186363,0.39156488985275656,0.13940707,0.11241544,0.29132512,0.0035017906,0.012017509,0.023756467,0.028770395,0.0060883407,0.0071627535,0.06613609,0.054675687,0.068523675,0.0155193,0.028770395
1.0,9.545011,3.7612002,0.84156716,0.4681811189169786,0.28113464,0.17356813,0.24963786,0.0020619454,0.0028444696,0.0033090608,11.537198477345619,0.27956624872924435,0.045689963,0.16357069,0.34133127,0.0042139664,0.022359822,0.05856553,0.02253182,0.009287925,0.009201926,0.04721362,0.025799794,0.05134159,0.01986584,0.015823873
1.0,9.745529,3.69883,1.011601,0.4901623555310952,0.28113464,0.17356813,0.24963786,0.0027971931,0.0028202394,0.002357595,11.509469499996838,0.3171152518978606,0.087349504,0.1437071,0.33028224,0.0039664377,0.011848462,0.037477754,0.027663361,0.008390541,0.007119247,0.05959827,0.033206202,0.057055682,0.019628782,0.019476227
1.0,8.85288,3.7471483,0.9321641,0.4565959984818088,0.28113464,0.17356813,0.24963786,0.002159627,0.0027153932,0.0032950172,11.485831721972112,0.25719746744713895,0.056919888,0.14247312,0.3452509,0.0010752688,0.019444445,0.0594086,0.025806451,0.0025089607,0.012903226,0.05949821,0.04014337,0.04910394,0.010035843,0.018100359
1.0,9.080095,3.749504,1.0402768,0.4857874174861916,0.28113464,0.17356813,0.24963786,0.0020934932,0.003125421,0.002577125,11.766148071520437,0.36607142857142855,0.055503167,0.20678337,0.3083151,0.0054704593,0.041137855,0.035886213,0.023413567,0.010503282,0.016849015,0.028227571,0.014223195,0.060175054,0.011378556,0.015536105
1.0,9.557703,3.8155122,0.9820785,0.48538386512470394,0.28113464,0.17356813,0.24963786,0.0022822907,0.0029976314,0.0026211508,11.453897068507986,0.34467172741496205,0.08359815,0.13218051,0.30350062,0.0041754534,0.013876001,0.0496415,0.027962884,0.00797132,0.010459722,0.051117674,0.038000844,0.06651202,0.013791649,0.027583297
1.0,9.750086,3.8155122,1.068153,0.4743114232415231,0.28113464,0.17356813,0.24963786,0.0026125314,0.0029825524,0.0021942281,11.323579293239309,0.3731067961165049,0.09129815,0.09056297,0.3034494,0.0020826554,0.009209242,0.037683047,0.03904979,0.00741946,0.0021151968,0.060429547,0.040969737,0.05483241,0.012593557,0.030654084
1.0,9.393478,3.744787,1.1537316,0.4798714006150405,0.28113464,0.17356813,0.24963786,0.0027474142,0.0026334918,0.0024643557,11.457782665473019,0.39168138750602216,0.048129853,0.10070135,0.2692348,0.0057573537,0.008583691,0.0522349,0.04365121,0.00868837,0.005862033,0.05485188,0.041557625,0.041348267,0.012770858,0.019260965
1.0,9.693371,3.7376697,1.0647107,0.48020507632885784,0.28113464,0.17356813,0.24963786,0.002821179,0.0022659556,0.0022142266,11.26551483551302,0.4064533622559653,0.07033822,0.09987058,0.27854472,0.005823986,0.00812482,0.05126546,0.02829307,0.011863676,0.010569456,0.0506543,0.039473683,0.06690394,0.0063632443,0.032319527
1.0,10.630241,3.7819142,1.3937664,0.5276195626575488,0.28113464,0.17356813,0.24963786,0.0034607097,0.0023567996,0.0012847261,11.019153595770065,0.6519391634980989,0.26324725,0.032244433,0.16580656,0.0006018619,0.0013701963,0.0074912603,0.03338413,0.008502901,0.003995339,0.1810708,0.042412058,0.15038864,0.022166448,0.04761112
1.0,10.527759,3.7864597,1.22083,0.4946282652377763,0.28113464,0.17356813,0.24963786,0.0029896852,0.0027043535,0.0019134629,11.14112237985304,0.5610552763819096,0.17627624,0.052129336,0.20859621,0.0028391166,0.006545741,0.014589906,0.03513407,0.013643533,0.0072555207,0.11837539,0.034463722,0.1011041,0.02030757,0.052484225
1.0,10.146328,3.6635616,1.1442229,0.6043386901062476,0.28113464,0.17356813,0.24963786,0.0034768712,0.002934387,0.0016369233,11.350253582599288,0.5302779616148247,0.09069529,0.064241,0.16834898,0.0013693271,0.006768388,0.014906104,0.017957747,0.004773083,0.007589984,0.081338026,0.02531299,0.04992175,0.014514867,0.04021909
1.0,11.358645,3.7160082,0.97832614,0.494603253600423,0.28113464,0.17356813,0.24963786,0.0030777007,0.0028867149,0.0020412765,11.153317652946859,0.6750604289691888,0.17022307,0.0950783,0.24865772,0.0061073825,0.0073378077,0.011521253,0.024809843,0.0034228188,0.008165549,0.15606263,0.043467563,0.07138702,0.01604027,0.05588367
1.0,11.096447,3.749504,1.1568812,0.501748777931149,0.28113464,0.17356813,0.24963786,0.0031520554,0.0028463048,0.0019348646,11.087068856214001,0.702171487425972,0.18448077,0.06843407,0.21207349,0.003915565,0.0036653222,0.022109695,0.03735979,0.011805576,0.0035917214,0.15890422,0.048959285,0.08490594,0.014249125,0.05271293
1.0,10.708375,3.7471483,0.81536484,0.4624023886081764,0.28113464,0.17356813,0.24963786,0.0028663299,0.0027397797,0.0027597612,11.261626750851569,0.5908056651961923,0.08249483,0.14250009,0.30003124,0.012844101,0.010240567,0.041795395,0.04089284,0.012462249,0.0043392233,0.0669976,0.039504286,0.05082098,0.014718644,0.029367862
1.0,10.467978,3.7612002,0.8020016,0.4616038498978571,0.28113464,0.17356813,0.24963786,0.002618424,0.0028649385,0.002487489,11.526256214378872,0.6196958446772819,0.049522705,0.1852249,0.3400974,0.014436174,0.03479268,0.055492397,0.02670585,0.0054698726,0.0047405562,0.03301229,0.02850769,0.044145092,0.010038826,0.01379266
1.0,10.460944,3.6270041,1.043804,0.5144054946035144,0.28113464,0.17356813,0.24963786,0.0033179468,0.0029347292,0.0018509723,11.148707860840329,0.6719812324869127,0.16589887,0.092045315,0.23714268,0.0061165895,0.0046186494,0.015993634,0.018849082,0.006179004,0.006179004,0.12286232,0.035841342,0.0902197,0.015213457,0.07786169
1.0,9.377616,3.7281,1.0367368,0.4888126325186921,0.28113464,0.17356813,0.24963786,0.0029036938,0.0028258564,0.0019495592,11.373513961184294,0.4660610215975317,0.11347319,0.09647884,0.2541443,0.0016133586,0.0062114308,0.022022344,0.03061348,0.00955915,0.007260114,0.079256244,0.036461905,0.10930505,0.028959787,0.036865246
1.0,9.753879,3.7305012,1.011601,0.46543545464236225,0.28113464,0.17356813,0.24963786,0.0025311802,0.0029591727,0.00245816,11.467792106529332,0.40994340250804573,0.06990014,0.12750284,0.31421944,0.0013429921,0.006674263,0.036667753,0.024702914,0.013226436,0.013877585,0.060271855,0.028162137,0.07561452,0.01330783,0.03162136
1.0,10.220944,3.693867,1.1118575,0.49566595996172536,0.28113464,0.17356813,0.24963786,0.0033464981,0.0026961106,0.0015453387,11.267523523440925,0.5996930505905033,0.14001766,0.072915986,0.2474478,0.002804461,0.0044687907,0.01398299,0.033588007,0.011388208,0.010457756,0.10563906,0.04253869,0.109609865,0.016276358,0.040192906
1.0,9.705402,3.852273,1.1939225,0.45572786393196596,0.28113464,0.17356813,0.24963786,0.002482241,0.0030085042,0.0025302651,11.52861178876435,0.3642438573044104,0.075559564,0.07741146,0.28302607,0.002294806,0.0060429894,0.040159106,0.10579056,0.024936892,0.024860399,0.04910885,0.028685076,0.03526352,0.016828578,0.06723782
1.0,10.038521,3.908015,1.2641268,0.4567764530167641,0.28113464,0.17356813,0.24963786,0.0026266319,0.0029477507,0.0019921202,11.40027175181826,0.43538714642042137,0.0835528,0.07123579,0.26179343,0.0019006348,0.005093701,0.027255103,0.09305508,0.03086631,0.017409815,0.061960693,0.036492188,0.0535979,0.024404151,0.04667959
1.0,9.496053,3.9415817,1.258461,0.46320083925865485,0.28113464,0.17356813,0.24963786,0.0026061311,0.002788437,0.0021258888,11.485050544204174,0.39640458516386406,0.07208725,0.082492456,0.25853878,0.0021498664,0.0067270016,0.029127223,0.08925413,0.022920351,0.02146399,0.053642638,0.03661708,0.05516835,0.021672042,0.04452304
1.0,9.396413,3.7111301,1.0224509,0.4804643358559052,0.28113464,0.17356813,0.24963786,0.0022124439,0.0027462933,0.0029466152,11.477950924054323,0.2764011568826702,0.055046503,0.10836785,0.31510633,0.0035901684,0.004252969,0.018061308,0.03385805,0.013918807,0.012151339,0.039878488,0.026677713,0.09422811,0.018116543,0.038497653
1.0,10.418617,3.7565382,0.85015094,0.4735175879396985,0.28113464,0.17356813,0.24963786,0.003040201,0.002536181,0.002237186,11.352474982994442,0.5512962776152527,0.065778896,0.14944091,0.32774252,0.007857359,0.024403144,0.034753703,0.02772741,0.009519492,0.011181626,0.05492596,0.021154428,0.051072832,0.016696887,0.05250831
1.0,10.571778,3.8649313,1.3376292,0.48659629266877064,0.28113464,0.17356813,0.24963786,0.003003954,0.0028581275,0.0015039721,11.245464233004894,0.5475799835931091,0.11753602,0.06649422,0.20653276,0.0014201663,0.0047677015,0.013745181,0.043923717,0.010194765,0.0054777847,0.090992086,0.041539866,0.09048489,0.021911139,0.04904646
1.0,10.247052,3.8155122,1.2781522,0.4865073245952197,0.28113464,0.17356813,0.24963786,0.0028064763,0.0030020047,0.0017245953,11.362497845943095,0.4832542372881356,0.10092224,0.0748642,0.24780971,0.0033292447,0.00591379,0.017566146,0.04012616,0.005037673,0.010820045,0.07806203,0.03539513,0.081259854,0.022647625,0.04257929
1.0,10.021471,3.7819142,1.2697605,0.503883668220134,0.28113464,0.17356813,0.24963786,0.0030824868,0.0027068532,0.0015351314,11.318126386665162,0.5296526959546654,0.14851181,0.08482628,0.21357076,0.003010082,0.0050047147,0.020780446,0.039783854,0.019148473,0.0049684485,0.083702035,0.034053817,0.09073765,0.016718648,0.0546892
1.0,10.66503,3.8501475,1.4134231,0.502271339135746,0.28113464,0.17356813,0.24963786,0.0031548708,0.0029256374,0.0016286838,11.315961225439322,0.5193709396292189,0.1312524,0.05230978,0.23905204,0.0012280518,0.005251881,0.0158079,0.04606501,0.015598871,0.0060096155,0.061428722,0.042981815,0.09576192,0.030361623,0.056934573
1.0,10.091605,3.875359,1.3164083,0.48870353874807676,0.28113464,0.17356813,0.24963786,0.0028810024,0.0030360757,0.0017185601,11.35343723238514,0.4191840277777778,0.10453202,0.059165392,0.2586891,0.0014741736,0.004365822,0.013834552,0.057237625,0.02015649,0.011935136,0.05587685,0.032488517,0.07563645,0.031071045,0.045359187
1.0,10.409865,3.8394523,1.2919837,0.49643078476828795,0.28113464,0.17356813,0.24963786,0.0029914845,0.0029244612,0.0016921065,11.346185876302558,0.600772237582229,0.13812739,0.06392382,0.23869878,0.0027298431,0.0071170907,0.015241624,0.04435995,0.0173865,0.008579507,0.11611582,0.035227973,0.08803744,0.01579409,0.047772255
1.0,10.030917,3.8437443,1.178655,0.49162218039312494,0.28113464,0.17356813,0.24963786,0.0028419786,0.002860493,0.0021171353,11.350241816024598,0.4680180458562512,0.09485882,0.07731502,0.2523261,0.007487816,0.0029242358,0.038280904,0.07509969,0.02100133,0.0064244573,0.062516615,0.042445723,0.06752326,0.024280017,0.049623393
1.0,9.570962,3.7977338,1.1908876,0.4939998110176698,0.28113464,0.17356813,0.24963786,0.0027865446,0.002745441,0.0020731362,11.512915464920228,0.2833429284206486,0.071950294,0.08448252,0.27072015,0.0057807495,0.0045967405,0.067140274,0.03858476,0.0144866975,0.011422204,0.07083159,0.021381808,0.07083159,0.021103218,0.058991503
1.0,9.607975,3.8110971,1.1216775,0.48775673064807423,0.28113464,0.17356813,0.24963786,0.0025742366,0.0028947038,0.0024398337,11.479565146111982,0.3926094890510949,0.08326534,0.10332171,0.23845354,0.002018719,0.007463143,0.04887747,0.063497886,0.015476846,0.006178504,0.045207072,0.023001162,0.057686426,0.018780204,0.048265737
1.0,10.109456,3.8110971,1.2641268,0.48376051160682815,0.28113464,0.17356813,0.24963786,0.0027403194,0.002980009,0.0020162142,11.322974881011783,0.3801913573756703,0.08356841,0.069166966,0.25676164,0.00043274433,0.0060584205,0.025820412,0.061089072,0.009520375,0.0072845295,0.07457627,0.020411108,0.093112156,0.030652722,0.04486116
1.0,9.958969,3.8918202,1.3164083,0.45928362308887843,0.28113464,0.17356813,0.24963786,0.0029012903,0.0028940616,0.0020515416,11.428750062799807,0.4163247034246064,0.086451985,0.06395469,0.28336766,0.0010813595,0.005046344,0.025901133,0.07981463,0.02569516,0.014109165,0.053038105,0.036199793,0.05139032,0.017713698,0.042018536
1.0,10.276178,3.8199077,1.1908876,0.471612031091585,0.28113464,0.17356813,0.24963786,0.0029228241,0.0024885559,0.0018937602,11.233872719216501,0.5432946700774434,0.11639029,0.07472408,0.24169984,0.0055183643,0.0071919668,0.030690247,0.03177583,0.012438936,0.0041613895,0.08205175,0.03984983,0.06983897,0.009069115,0.0469061
1.0,9.890554,3.8979242,1.1249295,0.439910078681154,0.28113464,0.17356813,0.24963786,0.0028487074,0.0027312103,0.0019292618,11.210914556653854,0.46771056866952787,0.07060208,0.06889353,0.26390105,0.0015264776,0.006263048,0.01672391,0.09345186,0.025927672,0.021011516,0.053471614,0.03068669,0.051832896,0.02107886,0.05414506
1.0,10.491238,3.8586223,1.1281711,0.4940047961630695,0.28113464,0.17356813,0.24963786,0.003304455,0.0026343432,0.0017602256,11.218473864211628,0.5874869655891554,0.14343712,0.08062252,0.2532433,0.0032432955,0.009536257,0.02643044,0.04281634,0.010455998,0.007963017,0.083091296,0.03657179,0.093619905,0.01655533,0.042356472
1.0,10.06987,3.881564,1.3001916,0.49337479071992346,0.28113464,0.17356813,0.24963786,0.0031198277,0.0028198997,0.0015972255,11.34700074233762,0.42958185978780944,0.10031093,0.058512084,0.23812109,0.001832745,0.0028509367,0.018802607,0.06326365,0.025454793,0.011132229,0.05274233,0.03685854,0.087836005,0.030206354,0.048330165
1.0,9.990802,3.9039907,1.1346227,0.44933900483505723,0.28113464,0.17356813,0.24963786,0.0027536876,0.0021698084,0.0018082502,10.97990535569447,0.39724368344121946,0.08736419,0.06599177,0.20403424,0.0022973416,0.0042160004,0.023705536,0.071141854,0.0064376057,0.008684456,0.08189644,0.042109516,0.061422333,0.010981798,0.036555503
1.0,9.338769,4.067316,0.9593502,0.4755684947674876,0.28113464,0.17356813,0.24963786,0.0025092452,0.0029766306,0.0019018018,11.172756403504726,0.4661587526576896,0.04873632,0.0685972,0.22656065,0.0017802041,0.00854498,0.020887729,0.05162592,0.029432708,0.018870164,0.071326844,0.04296226,0.10123427,0.0124614285,0.030619511
1.0,9.664101,3.8565104,0.85441536,0.5104508879683854,0.28113464,0.17356813,0.24963786,0.002013998,0.0030076655,0.002904823,11.555860425604486,0.26137120035500333,0.052618477,0.11204883,0.29304498,0.003089443,0.010700023,0.05184236,0.019666944,0.027654285,0.0116042495,0.03858036,0.020345114,0.06736493,0.014844398,0.018687364
